Industry,Vendor,Application Name,Coverage Area,Schema Name,Table Name,Column Name,Sensitive,Category
Insurance,Guidewire,Guidewire PolicyCenter,Core Policy,pc,pc_policy,PublicID,FALSE,Applications
Insurance,Guidewire,Guidewire PolicyCenter,Core Policy,pc,pc_policy,PolicyNumber,FALSE,Applications
Insurance,Guidewire,Guidewire PolicyCenter,Core Policy,pc,pc_policy,Status,FALSE,Applications
Insurance,Guidewire,Guidewire PolicyCenter,Core Policy,pc,pc_policy,EffectiveDate,FALSE,Applications
Insurance,Guidewire,Guidewire PolicyCenter,Core Policy,pc,pc_policy,ExpirationDate,FALSE,Applications
Insurance,Guidewire,Guidewire PolicyCenter,Core Policy,pc,pc_policy,CancelDate,FALSE,Applications
Insurance,Guidewire,Guidewire PolicyCenter,Core Policy,pc,pc_policy,TermNumber,FALSE,Applications
Insurance,Guidewire,Guidewire PolicyCenter,Core Policy,pc,pc_policy,ProductCode,FALSE,Applications
Insurance,Guidewire,Guidewire PolicyCenter,Core Policy,pc,pc_policy,TotalCostRPT,FALSE,Applications
Insurance,Guidewire,Guidewire PolicyCenter,Core Policy,pc,pc_policy,PolicyType,FALSE,Applications
Insurance,Guidewire,Guidewire PolicyCenter,Core Policy,pc,pc_policy,UWCompanyID,TRUE,Applications
Insurance,Guidewire,Guidewire PolicyCenter,Core Policy,pc,pc_policy,CreateTime,FALSE,Applications
Insurance,Guidewire,Guidewire PolicyCenter,Core Policy,pc,pc_policy,UpdateTime,FALSE,Applications
Insurance,Guidewire,Guidewire PolicyCenter,Core Policy,pc,pc_policy,Retired,FALSE,Applications
Insurance,Guidewire,Guidewire PolicyCenter,Core Policy,pc,pc_policyperiod,PublicID,FALSE,Applications
Insurance,Guidewire,Guidewire PolicyCenter,Core Policy,pc,pc_policyperiod,PolicyID,FALSE,Applications
Insurance,Guidewire,Guidewire PolicyCenter,Core Policy,pc,pc_policyperiod,PeriodStart,FALSE,Applications
Insurance,Guidewire,Guidewire PolicyCenter,Core Policy,pc,pc_policyperiod,PeriodEnd,FALSE,Applications
Insurance,Guidewire,Guidewire PolicyCenter,Core Policy,pc,pc_policyperiod,EditEffectiveDate,FALSE,Applications
Insurance,Guidewire,Guidewire PolicyCenter,Core Policy,pc,pc_policyperiod,Status,FALSE,Applications
Insurance,Guidewire,Guidewire PolicyCenter,Core Policy,pc,pc_policyperiod,BasedOnID,FALSE,Applications
Insurance,Guidewire,Guidewire PolicyCenter,Core Policy,pc,pc_policyperiod,WrittenDate,FALSE,Applications
Insurance,Guidewire,Guidewire PolicyCenter,Core Policy,pc,pc_policyperiod,TotalPremiumRPT,FALSE,Applications
Insurance,Guidewire,Guidewire PolicyCenter,Core Policy,pc,pc_policyperiod,TermNumber,FALSE,Applications
Insurance,Guidewire,Guidewire PolicyCenter,Core Policy,pc,pc_policyperiod,BranchNumber,FALSE,Applications
Insurance,Guidewire,Guidewire PolicyCenter,Core Policy,pc,pc_policyperiod,PackageCode,FALSE,Applications
Insurance,Guidewire,Guidewire PolicyCenter,Core Policy,pc,pc_policyperiod,PolicyNumber,FALSE,Applications
Insurance,Guidewire,Guidewire PolicyCenter,Core Policy,pc,pc_policyperiod,Locked,FALSE,Applications
Insurance,Guidewire,Guidewire PolicyCenter,Core Policy,pc,pc_account,PublicID,FALSE,Applications
Insurance,Guidewire,Guidewire PolicyCenter,Core Policy,pc,pc_account,AccountNumber,FALSE,Applications
Insurance,Guidewire,Guidewire PolicyCenter,Core Policy,pc,pc_account,AccountHolderID,TRUE,Applications
Insurance,Guidewire,Guidewire PolicyCenter,Core Policy,pc,pc_account,IndustryCode,FALSE,Applications
Insurance,Guidewire,Guidewire PolicyCenter,Core Policy,pc,pc_account,AccountOrgType,FALSE,Applications
Insurance,Guidewire,Guidewire PolicyCenter,Core Policy,pc,pc_account,CreateTime,FALSE,Applications
Insurance,Guidewire,Guidewire PolicyCenter,Core Policy,pc,pc_account,UpdateTime,FALSE,Applications
Insurance,Guidewire,Guidewire PolicyCenter,Core Policy,pc,pc_account,PrimaryLanguage,TRUE,Applications
Insurance,Guidewire,Guidewire PolicyCenter,Core Policy,pc,pc_account,TerritoryCode,FALSE,Applications
Insurance,Guidewire,Guidewire PolicyCenter,Core Policy,pc,pc_account,AgencyBillPlan,FALSE,Applications
Insurance,Guidewire,Guidewire PolicyCenter,Core Policy,pc,pc_contact,PublicID,FALSE,Applications
Insurance,Guidewire,Guidewire PolicyCenter,Core Policy,pc,pc_contact,FirstName,TRUE,Applications
Insurance,Guidewire,Guidewire PolicyCenter,Core Policy,pc,pc_contact,LastName,TRUE,Applications
Insurance,Guidewire,Guidewire PolicyCenter,Core Policy,pc,pc_contact,EmailAddress1,TRUE,Applications
Insurance,Guidewire,Guidewire PolicyCenter,Core Policy,pc,pc_contact,WorkPhone,TRUE,Applications
Insurance,Guidewire,Guidewire PolicyCenter,Core Policy,pc,pc_contact,CellPhone,TRUE,Applications
Insurance,Guidewire,Guidewire PolicyCenter,Core Policy,pc,pc_contact,TaxID,TRUE,Applications
Insurance,Guidewire,Guidewire PolicyCenter,Core Policy,pc,pc_contact,DateOfBirth,TRUE,Applications
Insurance,Guidewire,Guidewire PolicyCenter,Core Policy,pc,pc_contact,Gender,TRUE,Applications
Insurance,Guidewire,Guidewire PolicyCenter,Core Policy,pc,pc_contact,PreferredCommunication,TRUE,Applications
Insurance,Guidewire,Guidewire PolicyCenter,Core Policy,pc,pc_contact,AddressID,TRUE,Applications
Insurance,Guidewire,Guidewire PolicyCenter,Core Policy,pc,pc_contact,Subtype,FALSE,Applications
Insurance,Guidewire,Guidewire PolicyCenter,Core Policy,pc,pc_address,PublicID,FALSE,Applications
Insurance,Guidewire,Guidewire PolicyCenter,Core Policy,pc,pc_address,AddressLine1,TRUE,Applications
Insurance,Guidewire,Guidewire PolicyCenter,Core Policy,pc,pc_address,AddressLine2,TRUE,Applications
Insurance,Guidewire,Guidewire PolicyCenter,Core Policy,pc,pc_address,City,TRUE,Applications
Insurance,Guidewire,Guidewire PolicyCenter,Core Policy,pc,pc_address,State,TRUE,Applications
Insurance,Guidewire,Guidewire PolicyCenter,Core Policy,pc,pc_address,PostalCode,TRUE,Applications
Insurance,Guidewire,Guidewire PolicyCenter,Core Policy,pc,pc_address,Country,TRUE,Applications
Insurance,Guidewire,Guidewire PolicyCenter,Core Policy,pc,pc_address,County,TRUE,Applications
Insurance,Guidewire,Guidewire PolicyCenter,Core Policy,pc,pc_address,FIPS,FALSE,Applications
Insurance,Guidewire,Guidewire PolicyCenter,Core Policy,pc,pc_address,GeocodeStatus,FALSE,Applications
Insurance,Guidewire,Guidewire PolicyCenter,Core Policy,pc,pc_address,Latitude,TRUE,Applications
Insurance,Guidewire,Guidewire PolicyCenter,Core Policy,pc,pc_address,Longitude,TRUE,Applications
Insurance,Guidewire,Guidewire PolicyCenter,Core Policy,pc,pc_address,AddressType,TRUE,Applications
Insurance,Guidewire,Guidewire PolicyCenter,Core Policy,pc,pc_producer,PublicID,FALSE,Applications
Insurance,Guidewire,Guidewire PolicyCenter,Core Policy,pc,pc_producer,Code,FALSE,Applications
Insurance,Guidewire,Guidewire PolicyCenter,Core Policy,pc,pc_producer,Name,TRUE,Applications
Insurance,Guidewire,Guidewire PolicyCenter,Core Policy,pc,pc_producer,Tier,FALSE,Applications
Insurance,Guidewire,Guidewire PolicyCenter,Core Policy,pc,pc_producer,Status,FALSE,Applications
Insurance,Guidewire,Guidewire PolicyCenter,Core Policy,pc,pc_producer,LicenseNumber,TRUE,Applications
Insurance,Guidewire,Guidewire PolicyCenter,Core Policy,pc,pc_producer,LicenseExpDate,TRUE,Applications
Insurance,Guidewire,Guidewire PolicyCenter,Core Policy,pc,pc_producer,Organization,FALSE,Applications
Insurance,Guidewire,Guidewire PolicyCenter,Core Policy,pc,pc_producer,PrimaryPhone,TRUE,Applications
Insurance,Guidewire,Guidewire PolicyCenter,Core Policy,pc,pc_producer,PrimaryEmail,TRUE,Applications
Insurance,Guidewire,Guidewire PolicyCenter,Core Policy,pc,pc_producercode,PublicID,FALSE,Applications
Insurance,Guidewire,Guidewire PolicyCenter,Core Policy,pc,pc_producercode,Code,FALSE,Applications
Insurance,Guidewire,Guidewire PolicyCenter,Core Policy,pc,pc_producercode,ProducerID,FALSE,Applications
Insurance,Guidewire,Guidewire PolicyCenter,Core Policy,pc,pc_producercode,AccountID,FALSE,Applications
Insurance,Guidewire,Guidewire PolicyCenter,Core Policy,pc,pc_producercode,Status,FALSE,Applications
Insurance,Guidewire,Guidewire PolicyCenter,Core Policy,pc,pc_producercode,CommissionProfileID,FALSE,Applications
Insurance,Guidewire,Guidewire PolicyCenter,Core Policy,pc,pc_producercode,ExpirationDate,FALSE,Applications
Insurance,Guidewire,Guidewire PolicyCenter,Core Policy,pc,pc_producercode,BookTransferDate,FALSE,Applications
Insurance,Guidewire,Guidewire PolicyCenter,Core Policy,pc,pc_uwissue,PublicID,FALSE,Applications
Insurance,Guidewire,Guidewire PolicyCenter,Core Policy,pc,pc_uwissue,PolicyPeriodID,FALSE,Applications
Insurance,Guidewire,Guidewire PolicyCenter,Core Policy,pc,pc_uwissue,IssueType,FALSE,Applications
Insurance,Guidewire,Guidewire PolicyCenter,Core Policy,pc,pc_uwissue,Value,FALSE,Applications
Insurance,Guidewire,Guidewire PolicyCenter,Core Policy,pc,pc_uwissue,Approved,FALSE,Applications
Insurance,Guidewire,Guidewire PolicyCenter,Core Policy,pc,pc_uwissue,ApprovalDate,FALSE,Applications
Insurance,Guidewire,Guidewire PolicyCenter,Core Policy,pc,pc_uwissue,ApprovedByID,FALSE,Applications
Insurance,Guidewire,Guidewire PolicyCenter,Core Policy,pc,pc_uwissue,HasApprovalOrReject,FALSE,Applications
Insurance,Guidewire,Guidewire PolicyCenter,Core Policy,pc,pc_uwissue,OverriddenByID,FALSE,Applications
Insurance,Guidewire,Guidewire PolicyCenter,Core Policy,pc,pc_job,PublicID,FALSE,Applications
Insurance,Guidewire,Guidewire PolicyCenter,Core Policy,pc,pc_job,JobNumber,FALSE,Applications
Insurance,Guidewire,Guidewire PolicyCenter,Core Policy,pc,pc_job,Status,FALSE,Applications
Insurance,Guidewire,Guidewire PolicyCenter,Core Policy,pc,pc_job,CloseDate,FALSE,Applications
Insurance,Guidewire,Guidewire PolicyCenter,Core Policy,pc,pc_job,CreateTime,FALSE,Applications
Insurance,Guidewire,Guidewire PolicyCenter,Core Policy,pc,pc_job,PolicyID,FALSE,Applications
Insurance,Guidewire,Guidewire PolicyCenter,Core Policy,pc,pc_job,Subtype,FALSE,Applications
Insurance,Guidewire,Guidewire PolicyCenter,Core Policy,pc,pc_job,CreateUserID,FALSE,Applications
Insurance,Guidewire,Guidewire PolicyCenter,Core Policy,pc,pc_job,AssignedUserID,FALSE,Applications
Insurance,Guidewire,Guidewire PolicyCenter,Core Policy,pc,pc_job,AssignedGroupID,FALSE,Applications
Insurance,Guidewire,Guidewire PolicyCenter,Core Policy,pc,pc_submission,PublicID,FALSE,Applications
Insurance,Guidewire,Guidewire PolicyCenter,Core Policy,pc,pc_submission,JobID,FALSE,Applications
Insurance,Guidewire,Guidewire PolicyCenter,Core Policy,pc,pc_submission,QuoteType,FALSE,Applications
Insurance,Guidewire,Guidewire PolicyCenter,Core Policy,pc,pc_submission,DeclineReason,FALSE,Applications
Insurance,Guidewire,Guidewire PolicyCenter,Core Policy,pc,pc_submission,ReceivedDate,FALSE,Applications
Insurance,Guidewire,Guidewire PolicyCenter,Core Policy,pc,pc_submission,SubmissionSource,FALSE,Applications
Insurance,Guidewire,Guidewire PolicyCenter,Core Policy,pc,pc_submission,PriorCarrier,TRUE,Applications
Insurance,Guidewire,Guidewire PolicyCenter,Core Policy,pc,pc_submission,PriorPremium,TRUE,Applications
Insurance,Guidewire,Guidewire PolicyCenter,Core Policy,pc,pc_renewal,PublicID,FALSE,Applications
Insurance,Guidewire,Guidewire PolicyCenter,Core Policy,pc,pc_renewal,JobID,FALSE,Applications
Insurance,Guidewire,Guidewire PolicyCenter,Core Policy,pc,pc_renewal,RenewalCode,FALSE,Applications
Insurance,Guidewire,Guidewire PolicyCenter,Core Policy,pc,pc_renewal,DoNotRenewReason,FALSE,Applications
Insurance,Guidewire,Guidewire PolicyCenter,Core Policy,pc,pc_renewal,RenewedPolicyID,FALSE,Applications
Insurance,Guidewire,Guidewire PolicyCenter,Core Policy,pc,pc_renewal,RenewalRolloverDate,FALSE,Applications
Insurance,Guidewire,Guidewire PolicyCenter,Core Policy,pc,pc_cancellation,PublicID,FALSE,Applications
Insurance,Guidewire,Guidewire PolicyCenter,Core Policy,pc,pc_cancellation,JobID,FALSE,Applications
Insurance,Guidewire,Guidewire PolicyCenter,Core Policy,pc,pc_cancellation,CancellationCode,FALSE,Applications
Insurance,Guidewire,Guidewire PolicyCenter,Core Policy,pc,pc_cancellation,Description,FALSE,Applications
Insurance,Guidewire,Guidewire PolicyCenter,Core Policy,pc,pc_cancellation,RefundCalcMethod,FALSE,Applications
Insurance,Guidewire,Guidewire PolicyCenter,Core Policy,pc,pc_cancellation,RefundAmount,FALSE,Applications
Insurance,Guidewire,Guidewire PolicyCenter,Core Policy,pc,pc_cancellation,CancelReasonCode,FALSE,Applications
Insurance,Guidewire,Guidewire PolicyCenter,Core Policy,pc,pc_endorsement,PublicID,FALSE,Applications
Insurance,Guidewire,Guidewire PolicyCenter,Core Policy,pc,pc_endorsement,JobID,FALSE,Applications
Insurance,Guidewire,Guidewire PolicyCenter,Core Policy,pc,pc_endorsement,Description,FALSE,Applications
Insurance,Guidewire,Guidewire PolicyCenter,Core Policy,pc,pc_endorsement,ChangeReason,FALSE,Applications
Insurance,Guidewire,Guidewire PolicyCenter,Core Policy,pc,pc_endorsement,EffectiveDate,FALSE,Applications
Insurance,Guidewire,Guidewire PolicyCenter,Core Policy,pc,pc_endorsement,ExpirationDate,FALSE,Applications
Insurance,Guidewire,Guidewire PolicyCenter,Core Policy,pc,pc_note,PublicID,FALSE,Applications
Insurance,Guidewire,Guidewire PolicyCenter,Core Policy,pc,pc_note,AccountID,FALSE,Applications
Insurance,Guidewire,Guidewire PolicyCenter,Core Policy,pc,pc_note,PolicyID,FALSE,Applications
Insurance,Guidewire,Guidewire PolicyCenter,Core Policy,pc,pc_note,JobID,FALSE,Applications
Insurance,Guidewire,Guidewire PolicyCenter,Core Policy,pc,pc_note,AuthorID,FALSE,Applications
Insurance,Guidewire,Guidewire PolicyCenter,Core Policy,pc,pc_note,Body,FALSE,Applications
Insurance,Guidewire,Guidewire PolicyCenter,Core Policy,pc,pc_note,Topic,FALSE,Applications
Insurance,Guidewire,Guidewire PolicyCenter,Core Policy,pc,pc_note,Confidential,FALSE,Applications
Insurance,Guidewire,Guidewire PolicyCenter,Core Policy,pc,pc_note,CreateTime,FALSE,Applications
Insurance,Guidewire,Guidewire PolicyCenter,Core Policy,pc,pc_activity,PublicID,FALSE,Applications
Insurance,Guidewire,Guidewire PolicyCenter,Core Policy,pc,pc_activity,PolicyID,FALSE,Applications
Insurance,Guidewire,Guidewire PolicyCenter,Core Policy,pc,pc_activity,JobID,FALSE,Applications
Insurance,Guidewire,Guidewire PolicyCenter,Core Policy,pc,pc_activity,AssignedUserID,FALSE,Applications
Insurance,Guidewire,Guidewire PolicyCenter,Core Policy,pc,pc_activity,Status,FALSE,Applications
Insurance,Guidewire,Guidewire PolicyCenter,Core Policy,pc,pc_activity,ActivityType,FALSE,Applications
Insurance,Guidewire,Guidewire PolicyCenter,Core Policy,pc,pc_activity,Subject,FALSE,Applications
Insurance,Guidewire,Guidewire PolicyCenter,Core Policy,pc,pc_activity,DueDate,FALSE,Applications
Insurance,Guidewire,Guidewire PolicyCenter,Core Policy,pc,pc_activity,Priority,FALSE,Applications
Insurance,Guidewire,Guidewire PolicyCenter,Core Policy,pc,pc_activity,CreateTime,FALSE,Applications
Insurance,Guidewire,Guidewire PolicyCenter,Core Policy,pc,pc_uwruleresult,PublicID,FALSE,Applications
Insurance,Guidewire,Guidewire PolicyCenter,Core Policy,pc,pc_uwruleresult,PolicyPeriodID,FALSE,Applications
Insurance,Guidewire,Guidewire PolicyCenter,Core Policy,pc,pc_uwruleresult,RuleCode,FALSE,Applications
Insurance,Guidewire,Guidewire PolicyCenter,Core Policy,pc,pc_uwruleresult,MessageLevel,FALSE,Applications
Insurance,Guidewire,Guidewire PolicyCenter,Core Policy,pc,pc_uwruleresult,Message,FALSE,Applications
Insurance,Guidewire,Guidewire PolicyCenter,Core Policy,pc,pc_uwruleresult,Overridden,FALSE,Applications
Insurance,Guidewire,Guidewire PolicyCenter,Core Policy,pc,pc_uwruleresult,OverriddenByID,FALSE,Applications
Insurance,Guidewire,Guidewire PolicyCenter,Core Policy,pc,pc_policyterm,PublicID,FALSE,Applications
Insurance,Guidewire,Guidewire PolicyCenter,Core Policy,pc,pc_policyterm,PolicyID,FALSE,Applications
Insurance,Guidewire,Guidewire PolicyCenter,Core Policy,pc,pc_policyterm,PolicyNumber,FALSE,Applications
Insurance,Guidewire,Guidewire PolicyCenter,Core Policy,pc,pc_policyterm,TermNumber,FALSE,Applications
Insurance,Guidewire,Guidewire PolicyCenter,Core Policy,pc,pc_policyterm,Status,FALSE,Applications
Insurance,Guidewire,Guidewire PolicyCenter,Core Policy,pc,pc_policyterm,CreateTime,FALSE,Applications
Insurance,Guidewire,Guidewire PolicyCenter,Core Policy,pc,pc_policyterm,Retired,FALSE,Applications
Insurance,Guidewire,Guidewire PolicyCenter,General Liability,pc_gl,pc_glline,PublicID,FALSE,Applications
Insurance,Guidewire,Guidewire PolicyCenter,General Liability,pc_gl,pc_glline,PolicyPeriodID,FALSE,Applications
Insurance,Guidewire,Guidewire PolicyCenter,General Liability,pc_gl,pc_glline,GLCovID,FALSE,Applications
Insurance,Guidewire,Guidewire PolicyCenter,General Liability,pc_gl,pc_glline,OccurrenceLimit,FALSE,Applications
Insurance,Guidewire,Guidewire PolicyCenter,General Liability,pc_gl,pc_glline,AggregateLimit,FALSE,Applications
Insurance,Guidewire,Guidewire PolicyCenter,General Liability,pc_gl,pc_glline,MedPayLimit,FALSE,Applications
Insurance,Guidewire,Guidewire PolicyCenter,General Liability,pc_gl,pc_glline,PersonalAdvInjuryLimit,TRUE,Applications
Insurance,Guidewire,Guidewire PolicyCenter,General Liability,pc_gl,pc_gllocation,PublicID,FALSE,Applications
Insurance,Guidewire,Guidewire PolicyCenter,General Liability,pc_gl,pc_gllocation,GLLineID,FALSE,Applications
Insurance,Guidewire,Guidewire PolicyCenter,General Liability,pc_gl,pc_gllocation,LocationID,FALSE,Applications
Insurance,Guidewire,Guidewire PolicyCenter,General Liability,pc_gl,pc_gllocation,ClassCode,FALSE,Applications
Insurance,Guidewire,Guidewire PolicyCenter,General Liability,pc_gl,pc_gllocation,Exposure,FALSE,Applications
Insurance,Guidewire,Guidewire PolicyCenter,General Liability,pc_gl,pc_gllocation,ExposureBasis,FALSE,Applications
Insurance,Guidewire,Guidewire PolicyCenter,General Liability,pc_gl,pc_gllocation,Premium,FALSE,Applications
Insurance,Guidewire,Guidewire PolicyCenter,General Liability,pc_gl,pc_gllocation,AdditionalInsured,FALSE,Applications
Insurance,Guidewire,Guidewire PolicyCenter,General Liability,pc_gl,pc_glcoverage,PublicID,FALSE,Applications
Insurance,Guidewire,Guidewire PolicyCenter,General Liability,pc_gl,pc_glcoverage,GLLineID,FALSE,Applications
Insurance,Guidewire,Guidewire PolicyCenter,General Liability,pc_gl,pc_glcoverage,Type,FALSE,Applications
Insurance,Guidewire,Guidewire PolicyCenter,General Liability,pc_gl,pc_glcoverage,Limit,FALSE,Applications
Insurance,Guidewire,Guidewire PolicyCenter,General Liability,pc_gl,pc_glcoverage,Deductible,FALSE,Applications
Insurance,Guidewire,Guidewire PolicyCenter,General Liability,pc_gl,pc_glcoverage,Premium,FALSE,Applications
Insurance,Guidewire,Guidewire PolicyCenter,General Liability,pc_gl,pc_glcoverage,ExposureBasis,FALSE,Applications
Insurance,Guidewire,Guidewire PolicyCenter,General Liability,pc_gl,pc_glcoverage,AggregateLimit,FALSE,Applications
Insurance,Guidewire,Guidewire PolicyCenter,General Liability,pc_gl,pc_glcoverage,RetroDate,FALSE,Applications
Insurance,Guidewire,Guidewire PolicyCenter,General Liability,pc_gl,pc_glmodifier,PublicID,FALSE,Applications
Insurance,Guidewire,Guidewire PolicyCenter,General Liability,pc_gl,pc_glmodifier,GLLineID,FALSE,Applications
Insurance,Guidewire,Guidewire PolicyCenter,General Liability,pc_gl,pc_glmodifier,ModifierType,FALSE,Applications
Insurance,Guidewire,Guidewire PolicyCenter,General Liability,pc_gl,pc_glmodifier,ScheduleRate,FALSE,Applications
Insurance,Guidewire,Guidewire PolicyCenter,General Liability,pc_gl,pc_glmodifier,RateModifier,FALSE,Applications
Insurance,Guidewire,Guidewire PolicyCenter,General Liability,pc_gl,pc_glmodifier,BasisAmount,FALSE,Applications
Insurance,Guidewire,Guidewire PolicyCenter,General Liability,pc_gl,pc_glmodifier,Justified,FALSE,Applications
Insurance,Guidewire,Guidewire PolicyCenter,General Liability,pc_gl,pc_glmodifier,Reason,FALSE,Applications
Insurance,Guidewire,Guidewire PolicyCenter,General Liability,pc_gl,pc_glaccount,PublicID,FALSE,Applications
Insurance,Guidewire,Guidewire PolicyCenter,General Liability,pc_gl,pc_glaccount,GLLineID,FALSE,Applications
Insurance,Guidewire,Guidewire PolicyCenter,General Liability,pc_gl,pc_glaccount,AccountType,FALSE,Applications
Insurance,Guidewire,Guidewire PolicyCenter,General Liability,pc_gl,pc_glaccount,LossSensitiveType,FALSE,Applications
Insurance,Guidewire,Guidewire PolicyCenter,General Liability,pc_gl,pc_glaccount,MinPremium,FALSE,Applications
Insurance,Guidewire,Guidewire PolicyCenter,General Liability,pc_gl,pc_glaccount,MaxPremium,FALSE,Applications
Insurance,Guidewire,Guidewire PolicyCenter,General Liability,pc_gl,pc_gladditionalinsured,PublicID,FALSE,Applications
Insurance,Guidewire,Guidewire PolicyCenter,General Liability,pc_gl,pc_gladditionalinsured,GLCoverageID,FALSE,Applications
Insurance,Guidewire,Guidewire PolicyCenter,General Liability,pc_gl,pc_gladditionalinsured,ContactID,TRUE,Applications
Insurance,Guidewire,Guidewire PolicyCenter,General Liability,pc_gl,pc_gladditionalinsured,AIType,FALSE,Applications
Insurance,Guidewire,Guidewire PolicyCenter,General Liability,pc_gl,pc_gladditionalinsured,ContractNumber,FALSE,Applications
Insurance,Guidewire,Guidewire PolicyCenter,General Liability,pc_gl,pc_gladditionalinsured,EffectiveDate,FALSE,Applications
Insurance,Guidewire,Guidewire PolicyCenter,General Liability,pc_gl,pc_gladditionalinsured,ExpirationDate,FALSE,Applications
Insurance,Guidewire,Guidewire PolicyCenter,General Liability,pc_gl,pc_glclassification,PublicID,FALSE,Applications
Insurance,Guidewire,Guidewire PolicyCenter,General Liability,pc_gl,pc_glclassification,GLLocationID,FALSE,Applications
Insurance,Guidewire,Guidewire PolicyCenter,General Liability,pc_gl,pc_glclassification,ClassCode,FALSE,Applications
Insurance,Guidewire,Guidewire PolicyCenter,General Liability,pc_gl,pc_glclassification,ExposureAmount,FALSE,Applications
Insurance,Guidewire,Guidewire PolicyCenter,General Liability,pc_gl,pc_glclassification,ExposureBasis,FALSE,Applications
Insurance,Guidewire,Guidewire PolicyCenter,General Liability,pc_gl,pc_glclassification,BaseRate,FALSE,Applications
Insurance,Guidewire,Guidewire PolicyCenter,General Liability,pc_gl,pc_glclassification,ModifiedRate,FALSE,Applications
Insurance,Guidewire,Guidewire PolicyCenter,General Liability,pc_gl,pc_glclassification,Premium,FALSE,Applications
Insurance,Guidewire,Guidewire PolicyCenter,Business Auto,pc_ba,pc_baline,PublicID,FALSE,Applications
Insurance,Guidewire,Guidewire PolicyCenter,Business Auto,pc_ba,pc_baline,PolicyPeriodID,FALSE,Applications
Insurance,Guidewire,Guidewire PolicyCenter,Business Auto,pc_ba,pc_baline,FleetSize,FALSE,Applications
Insurance,Guidewire,Guidewire PolicyCenter,Business Auto,pc_ba,pc_baline,BACovID,FALSE,Applications
Insurance,Guidewire,Guidewire PolicyCenter,Business Auto,pc_ba,pc_baline,RadiusOfOperation,FALSE,Applications
Insurance,Guidewire,Guidewire PolicyCenter,Business Auto,pc_ba,pc_baline,BusinessUseClass,FALSE,Applications
Insurance,Guidewire,Guidewire PolicyCenter,Business Auto,pc_ba,pc_bavehicle,PublicID,FALSE,Applications
Insurance,Guidewire,Guidewire PolicyCenter,Business Auto,pc_ba,pc_bavehicle,BALineID,FALSE,Applications
Insurance,Guidewire,Guidewire PolicyCenter,Business Auto,pc_ba,pc_bavehicle,VIN,TRUE,Applications
Insurance,Guidewire,Guidewire PolicyCenter,Business Auto,pc_ba,pc_bavehicle,Make,FALSE,Applications
Insurance,Guidewire,Guidewire PolicyCenter,Business Auto,pc_ba,pc_bavehicle,Model,FALSE,Applications
Insurance,Guidewire,Guidewire PolicyCenter,Business Auto,pc_ba,pc_bavehicle,Year,FALSE,Applications
Insurance,Guidewire,Guidewire PolicyCenter,Business Auto,pc_ba,pc_bavehicle,GrossWeight,FALSE,Applications
Insurance,Guidewire,Guidewire PolicyCenter,Business Auto,pc_ba,pc_bavehicle,VehicleType,FALSE,Applications
Insurance,Guidewire,Guidewire PolicyCenter,Business Auto,pc_ba,pc_bavehicle,CostNew,FALSE,Applications
Insurance,Guidewire,Guidewire PolicyCenter,Business Auto,pc_ba,pc_bavehicle,BodyType,FALSE,Applications
Insurance,Guidewire,Guidewire PolicyCenter,Business Auto,pc_ba,pc_bavehicle,FuelType,FALSE,Applications
Insurance,Guidewire,Guidewire PolicyCenter,Business Auto,pc_ba,pc_bavehicle,AntiTheftDevice,FALSE,Applications
Insurance,Guidewire,Guidewire PolicyCenter,Business Auto,pc_ba,pc_bacoverage,PublicID,FALSE,Applications
Insurance,Guidewire,Guidewire PolicyCenter,Business Auto,pc_ba,pc_bacoverage,BAVehicleID,FALSE,Applications
Insurance,Guidewire,Guidewire PolicyCenter,Business Auto,pc_ba,pc_bacoverage,Type,FALSE,Applications
Insurance,Guidewire,Guidewire PolicyCenter,Business Auto,pc_ba,pc_bacoverage,Limit,FALSE,Applications
Insurance,Guidewire,Guidewire PolicyCenter,Business Auto,pc_ba,pc_bacoverage,Deductible,FALSE,Applications
Insurance,Guidewire,Guidewire PolicyCenter,Business Auto,pc_ba,pc_bacoverage,Premium,FALSE,Applications
Insurance,Guidewire,Guidewire PolicyCenter,Business Auto,pc_ba,pc_bacoverage,IncludedCoverage,FALSE,Applications
Insurance,Guidewire,Guidewire PolicyCenter,Business Auto,pc_ba,pc_bacoverage,CSLLimit,FALSE,Applications
Insurance,Guidewire,Guidewire PolicyCenter,Business Auto,pc_ba,pc_badriver,PublicID,FALSE,Applications
Insurance,Guidewire,Guidewire PolicyCenter,Business Auto,pc_ba,pc_badriver,BALineID,FALSE,Applications
Insurance,Guidewire,Guidewire PolicyCenter,Business Auto,pc_ba,pc_badriver,DriverID,FALSE,Applications
Insurance,Guidewire,Guidewire PolicyCenter,Business Auto,pc_ba,pc_badriver,LicenseNumber,TRUE,Applications
Insurance,Guidewire,Guidewire PolicyCenter,Business Auto,pc_ba,pc_badriver,LicenseState,TRUE,Applications
Insurance,Guidewire,Guidewire PolicyCenter,Business Auto,pc_ba,pc_badriver,DateOfBirth,TRUE,Applications
Insurance,Guidewire,Guidewire PolicyCenter,Business Auto,pc_ba,pc_badriver,MVRStatus,TRUE,Applications
Insurance,Guidewire,Guidewire PolicyCenter,Business Auto,pc_ba,pc_badriver,MVRDate,TRUE,Applications
Insurance,Guidewire,Guidewire PolicyCenter,Business Auto,pc_ba,pc_badriver,YearsExperience,FALSE,Applications
Insurance,Guidewire,Guidewire PolicyCenter,Business Auto,pc_ba,pc_badriver,CDLRequired,FALSE,Applications
Insurance,Guidewire,Guidewire PolicyCenter,Business Auto,pc_ba,pc_bastateline,PublicID,FALSE,Applications
Insurance,Guidewire,Guidewire PolicyCenter,Business Auto,pc_ba,pc_bastateline,BALineID,FALSE,Applications
Insurance,Guidewire,Guidewire PolicyCenter,Business Auto,pc_ba,pc_bastateline,State,TRUE,Applications
Insurance,Guidewire,Guidewire PolicyCenter,Business Auto,pc_ba,pc_bastateline,CoveredState,TRUE,Applications
Insurance,Guidewire,Guidewire PolicyCenter,Business Auto,pc_ba,pc_bastateline,PIPLimit,FALSE,Applications
Insurance,Guidewire,Guidewire PolicyCenter,Business Auto,pc_ba,pc_bastateline,UMLimit,FALSE,Applications
Insurance,Guidewire,Guidewire PolicyCenter,Business Auto,pc_ba,pc_bastateline,UIMLimit,FALSE,Applications
Insurance,Guidewire,Guidewire PolicyCenter,Business Auto,pc_ba,pc_bamodifier,PublicID,FALSE,Applications
Insurance,Guidewire,Guidewire PolicyCenter,Business Auto,pc_ba,pc_bamodifier,BALineID,FALSE,Applications
Insurance,Guidewire,Guidewire PolicyCenter,Business Auto,pc_ba,pc_bamodifier,ModifierType,FALSE,Applications
Insurance,Guidewire,Guidewire PolicyCenter,Business Auto,pc_ba,pc_bamodifier,RateModifier,FALSE,Applications
Insurance,Guidewire,Guidewire PolicyCenter,Business Auto,pc_ba,pc_bamodifier,BasisAmount,FALSE,Applications
Insurance,Guidewire,Guidewire PolicyCenter,Business Auto,pc_ba,pc_bamodifier,Reason,FALSE,Applications
Insurance,Guidewire,Guidewire PolicyCenter,Business Auto,pc_ba,pc_bamodifier,Applied,FALSE,Applications
Insurance,Guidewire,Guidewire PolicyCenter,Business Auto,pc_ba,pc_bascheduledvehicle,PublicID,FALSE,Applications
Insurance,Guidewire,Guidewire PolicyCenter,Business Auto,pc_ba,pc_bascheduledvehicle,BALineID,FALSE,Applications
Insurance,Guidewire,Guidewire PolicyCenter,Business Auto,pc_ba,pc_bascheduledvehicle,VehicleID,FALSE,Applications
Insurance,Guidewire,Guidewire PolicyCenter,Business Auto,pc_ba,pc_bascheduledvehicle,ScheduleNumber,FALSE,Applications
Insurance,Guidewire,Guidewire PolicyCenter,Business Auto,pc_ba,pc_bascheduledvehicle,YearAddedToSchedule,FALSE,Applications
Insurance,Guidewire,Guidewire PolicyCenter,Business Auto,pc_ba,pc_bascheduledvehicle,AllocatedMileage,FALSE,Applications
Insurance,Guidewire,Guidewire PolicyCenter,Commercial Property,pc_cp,pc_cpline,PublicID,FALSE,Applications
Insurance,Guidewire,Guidewire PolicyCenter,Commercial Property,pc_cp,pc_cpline,PolicyPeriodID,FALSE,Applications
Insurance,Guidewire,Guidewire PolicyCenter,Commercial Property,pc_cp,pc_cpline,CoveredPropertyExists,FALSE,Applications
Insurance,Guidewire,Guidewire PolicyCenter,Commercial Property,pc_cp,pc_cpline,BlanketExists,FALSE,Applications
Insurance,Guidewire,Guidewire PolicyCenter,Commercial Property,pc_cp,pc_cpline,CoinsurancePercent,FALSE,Applications
Insurance,Guidewire,Guidewire PolicyCenter,Commercial Property,pc_cp,pc_cplocation,PublicID,FALSE,Applications
Insurance,Guidewire,Guidewire PolicyCenter,Commercial Property,pc_cp,pc_cplocation,CPLineID,FALSE,Applications
Insurance,Guidewire,Guidewire PolicyCenter,Commercial Property,pc_cp,pc_cplocation,LocationID,FALSE,Applications
Insurance,Guidewire,Guidewire PolicyCenter,Commercial Property,pc_cp,pc_cplocation,BuildingCount,FALSE,Applications
Insurance,Guidewire,Guidewire PolicyCenter,Commercial Property,pc_cp,pc_cplocation,TotalInsuredValue,FALSE,Applications
Insurance,Guidewire,Guidewire PolicyCenter,Commercial Property,pc_cp,pc_cplocation,LocationNumber,FALSE,Applications
Insurance,Guidewire,Guidewire PolicyCenter,Commercial Property,pc_cp,pc_cpbuilding,PublicID,FALSE,Applications
Insurance,Guidewire,Guidewire PolicyCenter,Commercial Property,pc_cp,pc_cpbuilding,CPLocationID,FALSE,Applications
Insurance,Guidewire,Guidewire PolicyCenter,Commercial Property,pc_cp,pc_cpbuilding,BuildingNum,FALSE,Applications
Insurance,Guidewire,Guidewire PolicyCenter,Commercial Property,pc_cp,pc_cpbuilding,ClassCode,FALSE,Applications
Insurance,Guidewire,Guidewire PolicyCenter,Commercial Property,pc_cp,pc_cpbuilding,YearBuilt,FALSE,Applications
Insurance,Guidewire,Guidewire PolicyCenter,Commercial Property,pc_cp,pc_cpbuilding,ConstructionType,FALSE,Applications
Insurance,Guidewire,Guidewire PolicyCenter,Commercial Property,pc_cp,pc_cpbuilding,OccupancyType,TRUE,Applications
Insurance,Guidewire,Guidewire PolicyCenter,Commercial Property,pc_cp,pc_cpbuilding,TIV,FALSE,Applications
Insurance,Guidewire,Guidewire PolicyCenter,Commercial Property,pc_cp,pc_cpbuilding,Premium,FALSE,Applications
Insurance,Guidewire,Guidewire PolicyCenter,Commercial Property,pc_cp,pc_cpbuilding,SquareFootage,FALSE,Applications
Insurance,Guidewire,Guidewire PolicyCenter,Commercial Property,pc_cp,pc_cpbuilding,NumberOfStories,FALSE,Applications
Insurance,Guidewire,Guidewire PolicyCenter,Commercial Property,pc_cp,pc_cpbuilding,SprinkleredPercent,FALSE,Applications
Insurance,Guidewire,Guidewire PolicyCenter,Commercial Property,pc_cp,pc_cpcoverage,PublicID,FALSE,Applications
Insurance,Guidewire,Guidewire PolicyCenter,Commercial Property,pc_cp,pc_cpcoverage,CPBuildingID,FALSE,Applications
Insurance,Guidewire,Guidewire PolicyCenter,Commercial Property,pc_cp,pc_cpcoverage,Type,FALSE,Applications
Insurance,Guidewire,Guidewire PolicyCenter,Commercial Property,pc_cp,pc_cpcoverage,Limit,FALSE,Applications
Insurance,Guidewire,Guidewire PolicyCenter,Commercial Property,pc_cp,pc_cpcoverage,Deductible,FALSE,Applications
Insurance,Guidewire,Guidewire PolicyCenter,Commercial Property,pc_cp,pc_cpcoverage,Coinsurance,FALSE,Applications
Insurance,Guidewire,Guidewire PolicyCenter,Commercial Property,pc_cp,pc_cpcoverage,ValuationMethod,FALSE,Applications
Insurance,Guidewire,Guidewire PolicyCenter,Commercial Property,pc_cp,pc_cpcoverage,InflationGuard,FALSE,Applications
Insurance,Guidewire,Guidewire PolicyCenter,Commercial Property,pc_cp,pc_cpcoverage,AgreedValue,FALSE,Applications
Insurance,Guidewire,Guidewire PolicyCenter,Commercial Property,pc_cp,pc_cpclause,PublicID,FALSE,Applications
Insurance,Guidewire,Guidewire PolicyCenter,Commercial Property,pc_cp,pc_cpclause,CPLineID,FALSE,Applications
Insurance,Guidewire,Guidewire PolicyCenter,Commercial Property,pc_cp,pc_cpclause,ClauseType,FALSE,Applications
Insurance,Guidewire,Guidewire PolicyCenter,Commercial Property,pc_cp,pc_cpclause,Included,FALSE,Applications
Insurance,Guidewire,Guidewire PolicyCenter,Commercial Property,pc_cp,pc_cpclause,Description,FALSE,Applications
Insurance,Guidewire,Guidewire PolicyCenter,Commercial Property,pc_cp,pc_cpclause,Limit,FALSE,Applications
Insurance,Guidewire,Guidewire PolicyCenter,Commercial Property,pc_cp,pc_cpclause,Deductible,FALSE,Applications
Insurance,Guidewire,Guidewire PolicyCenter,Commercial Property,pc_cp,pc_cpmodifier,PublicID,FALSE,Applications
Insurance,Guidewire,Guidewire PolicyCenter,Commercial Property,pc_cp,pc_cpmodifier,CPLineID,FALSE,Applications
Insurance,Guidewire,Guidewire PolicyCenter,Commercial Property,pc_cp,pc_cpmodifier,ModifierType,FALSE,Applications
Insurance,Guidewire,Guidewire PolicyCenter,Commercial Property,pc_cp,pc_cpmodifier,RateModifier,FALSE,Applications
Insurance,Guidewire,Guidewire PolicyCenter,Commercial Property,pc_cp,pc_cpmodifier,ScheduleCredit,FALSE,Applications
Insurance,Guidewire,Guidewire PolicyCenter,Commercial Property,pc_cp,pc_cpmodifier,ScheduleDebit,FALSE,Applications
Insurance,Guidewire,Guidewire PolicyCenter,Commercial Property,pc_cp,pc_cpmodifier,Justified,FALSE,Applications
Insurance,Guidewire,Guidewire PolicyCenter,Commercial Property,pc_cp,pc_cpmodifier,Reason,FALSE,Applications
Insurance,Guidewire,Guidewire PolicyCenter,Commercial Property,pc_cp,pc_cpreplacementcost,PublicID,FALSE,Applications
Insurance,Guidewire,Guidewire PolicyCenter,Commercial Property,pc_cp,pc_cpreplacementcost,CPBuildingID,FALSE,Applications
Insurance,Guidewire,Guidewire PolicyCenter,Commercial Property,pc_cp,pc_cpreplacementcost,ReplacementCostValue,FALSE,Applications
Insurance,Guidewire,Guidewire PolicyCenter,Commercial Property,pc_cp,pc_cpreplacementcost,ValuationDate,FALSE,Applications
Insurance,Guidewire,Guidewire PolicyCenter,Commercial Property,pc_cp,pc_cpreplacementcost,MethodUsed,FALSE,Applications
Insurance,Guidewire,Guidewire PolicyCenter,Commercial Property,pc_cp,pc_cpreplacementcost,AlgorithmVersion,FALSE,Applications
Insurance,Guidewire,Guidewire PolicyCenter,Workers Compensation,pc_wc,pc_wcline,PublicID,FALSE,Applications
Insurance,Guidewire,Guidewire PolicyCenter,Workers Compensation,pc_wc,pc_wcline,PolicyPeriodID,FALSE,Applications
Insurance,Guidewire,Guidewire PolicyCenter,Workers Compensation,pc_wc,pc_wcline,ExperienceMod,FALSE,Applications
Insurance,Guidewire,Guidewire PolicyCenter,Workers Compensation,pc_wc,pc_wcline,ExpModEffDate,FALSE,Applications
Insurance,Guidewire,Guidewire PolicyCenter,Workers Compensation,pc_wc,pc_wcline,BureauID,FALSE,Applications
Insurance,Guidewire,Guidewire PolicyCenter,Workers Compensation,pc_wc,pc_wcline,ManualPremium,FALSE,Applications
Insurance,Guidewire,Guidewire PolicyCenter,Workers Compensation,pc_wc,pc_wcline,StandardPremium,FALSE,Applications
Insurance,Guidewire,Guidewire PolicyCenter,Workers Compensation,pc_wc,pc_wcstate,PublicID,FALSE,Applications
Insurance,Guidewire,Guidewire PolicyCenter,Workers Compensation,pc_wc,pc_wcstate,WCLineID,FALSE,Applications
Insurance,Guidewire,Guidewire PolicyCenter,Workers Compensation,pc_wc,pc_wcstate,State,TRUE,Applications
Insurance,Guidewire,Guidewire PolicyCenter,Workers Compensation,pc_wc,pc_wcstate,RateEffDate,FALSE,Applications
Insurance,Guidewire,Guidewire PolicyCenter,Workers Compensation,pc_wc,pc_wcstate,HazardGroup,FALSE,Applications
Insurance,Guidewire,Guidewire PolicyCenter,Workers Compensation,pc_wc,pc_wcstate,RiskID,FALSE,Applications
Insurance,Guidewire,Guidewire PolicyCenter,Workers Compensation,pc_wc,pc_wcstate,WaiverOfSubrogation,FALSE,Applications
Insurance,Guidewire,Guidewire PolicyCenter,Workers Compensation,pc_wc,pc_wcstate,VoluntaryCompensation,FALSE,Applications
Insurance,Guidewire,Guidewire PolicyCenter,Workers Compensation,pc_wc,pc_wcclassification,PublicID,FALSE,Applications
Insurance,Guidewire,Guidewire PolicyCenter,Workers Compensation,pc_wc,pc_wcclassification,WCStateID,TRUE,Applications
Insurance,Guidewire,Guidewire PolicyCenter,Workers Compensation,pc_wc,pc_wcclassification,ClassCode,FALSE,Applications
Insurance,Guidewire,Guidewire PolicyCenter,Workers Compensation,pc_wc,pc_wcclassification,Description,FALSE,Applications
Insurance,Guidewire,Guidewire PolicyCenter,Workers Compensation,pc_wc,pc_wcclassification,Payroll,TRUE,Applications
Insurance,Guidewire,Guidewire PolicyCenter,Workers Compensation,pc_wc,pc_wcclassification,Rate,FALSE,Applications
Insurance,Guidewire,Guidewire PolicyCenter,Workers Compensation,pc_wc,pc_wcclassification,Premium,FALSE,Applications
Insurance,Guidewire,Guidewire PolicyCenter,Workers Compensation,pc_wc,pc_wcclassification,ELCFactor,FALSE,Applications
Insurance,Guidewire,Guidewire PolicyCenter,Workers Compensation,pc_wc,pc_wcclassification,DMFactor,FALSE,Applications
Insurance,Guidewire,Guidewire PolicyCenter,Workers Compensation,pc_wc,pc_wcmodifier,PublicID,FALSE,Applications
Insurance,Guidewire,Guidewire PolicyCenter,Workers Compensation,pc_wc,pc_wcmodifier,WCLineID,FALSE,Applications
Insurance,Guidewire,Guidewire PolicyCenter,Workers Compensation,pc_wc,pc_wcmodifier,ModifierType,FALSE,Applications
Insurance,Guidewire,Guidewire PolicyCenter,Workers Compensation,pc_wc,pc_wcmodifier,RateModifier,FALSE,Applications
Insurance,Guidewire,Guidewire PolicyCenter,Workers Compensation,pc_wc,pc_wcmodifier,BasisAmount,FALSE,Applications
Insurance,Guidewire,Guidewire PolicyCenter,Workers Compensation,pc_wc,pc_wcmodifier,Reason,FALSE,Applications
Insurance,Guidewire,Guidewire PolicyCenter,Workers Compensation,pc_wc,pc_wcmodifier,State,TRUE,Applications
Insurance,Guidewire,Guidewire PolicyCenter,Workers Compensation,pc_wc,pc_wcschedule,PublicID,FALSE,Applications
Insurance,Guidewire,Guidewire PolicyCenter,Workers Compensation,pc_wc,pc_wcschedule,WCLineID,FALSE,Applications
Insurance,Guidewire,Guidewire PolicyCenter,Workers Compensation,pc_wc,pc_wcschedule,ScheduleModType,FALSE,Applications
Insurance,Guidewire,Guidewire PolicyCenter,Workers Compensation,pc_wc,pc_wcschedule,ManagementCredit,FALSE,Applications
Insurance,Guidewire,Guidewire PolicyCenter,Workers Compensation,pc_wc,pc_wcschedule,SrpCoverageCredit,FALSE,Applications
Insurance,Guidewire,Guidewire PolicyCenter,Workers Compensation,pc_wc,pc_wcschedule,SafetyCredit,FALSE,Applications
Insurance,Guidewire,Guidewire PolicyCenter,Workers Compensation,pc_wc,pc_wcschedule,MedManagementCredit,FALSE,Applications
Insurance,Guidewire,Guidewire PolicyCenter,Workers Compensation,pc_wc,pc_wcschedule,TotalModification,FALSE,Applications
Insurance,Guidewire,Guidewire PolicyCenter,Workers Compensation,pc_wc,pc_wccoverage,PublicID,FALSE,Applications
Insurance,Guidewire,Guidewire PolicyCenter,Workers Compensation,pc_wc,pc_wccoverage,WCStateID,TRUE,Applications
Insurance,Guidewire,Guidewire PolicyCenter,Workers Compensation,pc_wc,pc_wccoverage,Type,FALSE,Applications
Insurance,Guidewire,Guidewire PolicyCenter,Workers Compensation,pc_wc,pc_wccoverage,ELLimit,FALSE,Applications
Insurance,Guidewire,Guidewire PolicyCenter,Workers Compensation,pc_wc,pc_wccoverage,ELLimitType,FALSE,Applications
Insurance,Guidewire,Guidewire PolicyCenter,Workers Compensation,pc_wc,pc_wccoverage,OccupationalDisease,FALSE,Applications
Insurance,Guidewire,Guidewire PolicyCenter,Workers Compensation,pc_wc,pc_wccoverage,USLHIndicator,FALSE,Applications
Insurance,Guidewire,Guidewire PolicyCenter,Inland Marine,pc_im,pc_imline,PublicID,FALSE,Applications
Insurance,Guidewire,Guidewire PolicyCenter,Inland Marine,pc_im,pc_imline,PolicyPeriodID,FALSE,Applications
Insurance,Guidewire,Guidewire PolicyCenter,Inland Marine,pc_im,pc_imline,SubType,FALSE,Applications
Insurance,Guidewire,Guidewire PolicyCenter,Inland Marine,pc_im,pc_imline,TotalScheduledValue,FALSE,Applications
Insurance,Guidewire,Guidewire PolicyCenter,Inland Marine,pc_im,pc_imscheduleditem,PublicID,FALSE,Applications
Insurance,Guidewire,Guidewire PolicyCenter,Inland Marine,pc_im,pc_imscheduleditem,IMLineID,FALSE,Applications
Insurance,Guidewire,Guidewire PolicyCenter,Inland Marine,pc_im,pc_imscheduleditem,ItemNumber,FALSE,Applications
Insurance,Guidewire,Guidewire PolicyCenter,Inland Marine,pc_im,pc_imscheduleditem,Description,FALSE,Applications
Insurance,Guidewire,Guidewire PolicyCenter,Inland Marine,pc_im,pc_imscheduleditem,ReplacementCost,FALSE,Applications
Insurance,Guidewire,Guidewire PolicyCenter,Inland Marine,pc_im,pc_imscheduleditem,Premium,FALSE,Applications
Insurance,Guidewire,Guidewire PolicyCenter,Inland Marine,pc_im,pc_imscheduleditem,CategoryCode,FALSE,Applications
Insurance,Guidewire,Guidewire PolicyCenter,Inland Marine,pc_im,pc_imscheduleditem,SerialNumber,TRUE,Applications
Insurance,Guidewire,Guidewire PolicyCenter,Inland Marine,pc_im,pc_imscheduleditem,PurchaseDate,TRUE,Applications
Insurance,Guidewire,Guidewire PolicyCenter,Inland Marine,pc_im,pc_imscheduleditem,PurchasePrice,TRUE,Applications
Insurance,Guidewire,Guidewire PolicyCenter,Inland Marine,pc_im,pc_imcoverage,PublicID,FALSE,Applications
Insurance,Guidewire,Guidewire PolicyCenter,Inland Marine,pc_im,pc_imcoverage,IMLineID,FALSE,Applications
Insurance,Guidewire,Guidewire PolicyCenter,Inland Marine,pc_im,pc_imcoverage,Type,FALSE,Applications
Insurance,Guidewire,Guidewire PolicyCenter,Inland Marine,pc_im,pc_imcoverage,Limit,FALSE,Applications
Insurance,Guidewire,Guidewire PolicyCenter,Inland Marine,pc_im,pc_imcoverage,Deductible,FALSE,Applications
Insurance,Guidewire,Guidewire PolicyCenter,Inland Marine,pc_im,pc_imcoverage,Premium,FALSE,Applications
Insurance,Guidewire,Guidewire PolicyCenter,Inland Marine,pc_im,pc_imcoverage,ValuationMethod,FALSE,Applications
Insurance,Guidewire,Guidewire PolicyCenter,Inland Marine,pc_im,pc_imcontractor,PublicID,FALSE,Applications
Insurance,Guidewire,Guidewire PolicyCenter,Inland Marine,pc_im,pc_imcontractor,IMLineID,FALSE,Applications
Insurance,Guidewire,Guidewire PolicyCenter,Inland Marine,pc_im,pc_imcontractor,ContractorType,FALSE,Applications
Insurance,Guidewire,Guidewire PolicyCenter,Inland Marine,pc_im,pc_imcontractor,LicenseNumber,TRUE,Applications
Insurance,Guidewire,Guidewire PolicyCenter,Inland Marine,pc_im,pc_imcontractor,JobSiteAddress,TRUE,Applications
Insurance,Guidewire,Guidewire PolicyCenter,Inland Marine,pc_im,pc_imcontractor,ProjectValue,FALSE,Applications
Insurance,Guidewire,Guidewire PolicyCenter,Inland Marine,pc_im,pc_imcontractor,CompletionDate,FALSE,Applications
Insurance,Guidewire,Guidewire PolicyCenter,Professional Liability,pc_pl,pc_plline,PublicID,FALSE,Applications
Insurance,Guidewire,Guidewire PolicyCenter,Professional Liability,pc_pl,pc_plline,PolicyPeriodID,FALSE,Applications
Insurance,Guidewire,Guidewire PolicyCenter,Professional Liability,pc_pl,pc_plline,ProfessionCode,FALSE,Applications
Insurance,Guidewire,Guidewire PolicyCenter,Professional Liability,pc_pl,pc_plline,ClaimsMode,FALSE,Applications
Insurance,Guidewire,Guidewire PolicyCenter,Professional Liability,pc_pl,pc_plline,RetroDate,FALSE,Applications
Insurance,Guidewire,Guidewire PolicyCenter,Professional Liability,pc_pl,pc_plline,SubjectivitiesComplete,FALSE,Applications
Insurance,Guidewire,Guidewire PolicyCenter,Professional Liability,pc_pl,pc_plcoverage,PublicID,FALSE,Applications
Insurance,Guidewire,Guidewire PolicyCenter,Professional Liability,pc_pl,pc_plcoverage,PLLineID,FALSE,Applications
Insurance,Guidewire,Guidewire PolicyCenter,Professional Liability,pc_pl,pc_plcoverage,Type,FALSE,Applications
Insurance,Guidewire,Guidewire PolicyCenter,Professional Liability,pc_pl,pc_plcoverage,PerClaimLimit,FALSE,Applications
Insurance,Guidewire,Guidewire PolicyCenter,Professional Liability,pc_pl,pc_plcoverage,AggregateLimit,FALSE,Applications
Insurance,Guidewire,Guidewire PolicyCenter,Professional Liability,pc_pl,pc_plcoverage,Deductible,FALSE,Applications
Insurance,Guidewire,Guidewire PolicyCenter,Professional Liability,pc_pl,pc_plcoverage,Premium,FALSE,Applications
Insurance,Guidewire,Guidewire PolicyCenter,Professional Liability,pc_pl,pc_plcoverage,RetroDate,FALSE,Applications
Insurance,Guidewire,Guidewire PolicyCenter,Professional Liability,pc_pl,pc_plinsured,PublicID,FALSE,Applications
Insurance,Guidewire,Guidewire PolicyCenter,Professional Liability,pc_pl,pc_plinsured,PLLineID,FALSE,Applications
Insurance,Guidewire,Guidewire PolicyCenter,Professional Liability,pc_pl,pc_plinsured,ContactID,TRUE,Applications
Insurance,Guidewire,Guidewire PolicyCenter,Professional Liability,pc_pl,pc_plinsured,ProfessionCode,FALSE,Applications
Insurance,Guidewire,Guidewire PolicyCenter,Professional Liability,pc_pl,pc_plinsured,YearsInPractice,FALSE,Applications
Insurance,Guidewire,Guidewire PolicyCenter,Professional Liability,pc_pl,pc_plinsured,NumEmployees,FALSE,Applications
Insurance,Guidewire,Guidewire PolicyCenter,Professional Liability,pc_pl,pc_plinsured,GrossRevenue,TRUE,Applications
Insurance,Guidewire,Guidewire PolicyCenter,Professional Liability,pc_pl,pc_plmodifier,PublicID,FALSE,Applications
Insurance,Guidewire,Guidewire PolicyCenter,Professional Liability,pc_pl,pc_plmodifier,PLLineID,FALSE,Applications
Insurance,Guidewire,Guidewire PolicyCenter,Professional Liability,pc_pl,pc_plmodifier,ModifierType,FALSE,Applications
Insurance,Guidewire,Guidewire PolicyCenter,Professional Liability,pc_pl,pc_plmodifier,RateModifier,FALSE,Applications
Insurance,Guidewire,Guidewire PolicyCenter,Professional Liability,pc_pl,pc_plmodifier,Reason,FALSE,Applications
Insurance,Guidewire,Guidewire PolicyCenter,Professional Liability,pc_pl,pc_plmodifier,Applied,FALSE,Applications
Insurance,Guidewire,Guidewire PolicyCenter,Professional Liability,pc_pl,pc_plprioracts,PublicID,FALSE,Applications
Insurance,Guidewire,Guidewire PolicyCenter,Professional Liability,pc_pl,pc_plprioracts,PLLineID,FALSE,Applications
Insurance,Guidewire,Guidewire PolicyCenter,Professional Liability,pc_pl,pc_plprioracts,CarrierName,TRUE,Applications
Insurance,Guidewire,Guidewire PolicyCenter,Professional Liability,pc_pl,pc_plprioracts,PolicyNumber,FALSE,Applications
Insurance,Guidewire,Guidewire PolicyCenter,Professional Liability,pc_pl,pc_plprioracts,LimitPerClaim,FALSE,Applications
Insurance,Guidewire,Guidewire PolicyCenter,Professional Liability,pc_pl,pc_plprioracts,AggregateLimit,FALSE,Applications
Insurance,Guidewire,Guidewire PolicyCenter,Professional Liability,pc_pl,pc_plprioracts,EffectiveDate,FALSE,Applications
Insurance,Guidewire,Guidewire PolicyCenter,Professional Liability,pc_pl,pc_plprioracts,ExpirationDate,FALSE,Applications
Insurance,Guidewire,Guidewire PolicyCenter,Umbrella / Excess,pc_um,pc_umbrella,PublicID,FALSE,Applications
Insurance,Guidewire,Guidewire PolicyCenter,Umbrella / Excess,pc_um,pc_umbrella,PolicyPeriodID,FALSE,Applications
Insurance,Guidewire,Guidewire PolicyCenter,Umbrella / Excess,pc_um,pc_umbrella,OccurrenceLimit,FALSE,Applications
Insurance,Guidewire,Guidewire PolicyCenter,Umbrella / Excess,pc_um,pc_umbrella,AggregateLimit,FALSE,Applications
Insurance,Guidewire,Guidewire PolicyCenter,Umbrella / Excess,pc_um,pc_umbrella,RetainedLimit,FALSE,Applications
Insurance,Guidewire,Guidewire PolicyCenter,Umbrella / Excess,pc_um,pc_umbrella,FollowFormYN,FALSE,Applications
Insurance,Guidewire,Guidewire PolicyCenter,Umbrella / Excess,pc_um,pc_umbrella,SIRAmount,FALSE,Applications
Insurance,Guidewire,Guidewire PolicyCenter,Umbrella / Excess,pc_um,pc_umbrellascheduledpolicy,PublicID,FALSE,Applications
Insurance,Guidewire,Guidewire PolicyCenter,Umbrella / Excess,pc_um,pc_umbrellascheduledpolicy,UmbrellaID,FALSE,Applications
Insurance,Guidewire,Guidewire PolicyCenter,Umbrella / Excess,pc_um,pc_umbrellascheduledpolicy,UnderlyingPolicyNumber,FALSE,Applications
Insurance,Guidewire,Guidewire PolicyCenter,Umbrella / Excess,pc_um,pc_umbrellascheduledpolicy,PolicyType,FALSE,Applications
Insurance,Guidewire,Guidewire PolicyCenter,Umbrella / Excess,pc_um,pc_umbrellascheduledpolicy,CarrierName,TRUE,Applications
Insurance,Guidewire,Guidewire PolicyCenter,Umbrella / Excess,pc_um,pc_umbrellascheduledpolicy,OccurrenceLimit,FALSE,Applications
Insurance,Guidewire,Guidewire PolicyCenter,Umbrella / Excess,pc_um,pc_umbrellascheduledpolicy,AggregateLimit,FALSE,Applications
Insurance,Guidewire,Guidewire PolicyCenter,Umbrella / Excess,pc_um,pc_umbrellascheduledpolicy,ExpirationDate,FALSE,Applications
Insurance,Guidewire,Guidewire PolicyCenter,Umbrella / Excess,pc_um,pc_umbrellacoverage,PublicID,FALSE,Applications
Insurance,Guidewire,Guidewire PolicyCenter,Umbrella / Excess,pc_um,pc_umbrellacoverage,UmbrellaID,FALSE,Applications
Insurance,Guidewire,Guidewire PolicyCenter,Umbrella / Excess,pc_um,pc_umbrellacoverage,Type,FALSE,Applications
Insurance,Guidewire,Guidewire PolicyCenter,Umbrella / Excess,pc_um,pc_umbrellacoverage,Limit,FALSE,Applications
Insurance,Guidewire,Guidewire PolicyCenter,Umbrella / Excess,pc_um,pc_umbrellacoverage,Deductible,FALSE,Applications
Insurance,Guidewire,Guidewire PolicyCenter,Umbrella / Excess,pc_um,pc_umbrellacoverage,Premium,FALSE,Applications
Insurance,Guidewire,Guidewire PolicyCenter,Billing Integration,pc_billing,pc_billinginstruction,PublicID,FALSE,Applications
Insurance,Guidewire,Guidewire PolicyCenter,Billing Integration,pc_billing,pc_billinginstruction,PolicyPeriodID,FALSE,Applications
Insurance,Guidewire,Guidewire PolicyCenter,Billing Integration,pc_billing,pc_billinginstruction,BillingMethod,FALSE,Applications
Insurance,Guidewire,Guidewire PolicyCenter,Billing Integration,pc_billing,pc_billinginstruction,InvoiceStream,FALSE,Applications
Insurance,Guidewire,Guidewire PolicyCenter,Billing Integration,pc_billing,pc_billinginstruction,PaymentPlanID,TRUE,Applications
Insurance,Guidewire,Guidewire PolicyCenter,Billing Integration,pc_billing,pc_billinginstruction,DepositOverride,FALSE,Applications
Insurance,Guidewire,Guidewire PolicyCenter,Billing Integration,pc_billing,pc_billinginstruction,BillAddressID,TRUE,Applications
Insurance,Guidewire,Guidewire PolicyCenter,Billing Integration,pc_billing,pc_paymentplan,PublicID,FALSE,Applications
Insurance,Guidewire,Guidewire PolicyCenter,Billing Integration,pc_billing,pc_paymentplan,Name,TRUE,Applications
Insurance,Guidewire,Guidewire PolicyCenter,Billing Integration,pc_billing,pc_paymentplan,BillingMethod,FALSE,Applications
Insurance,Guidewire,Guidewire PolicyCenter,Billing Integration,pc_billing,pc_paymentplan,NumInstallments,FALSE,Applications
Insurance,Guidewire,Guidewire PolicyCenter,Billing Integration,pc_billing,pc_paymentplan,FirstInstallmentPct,TRUE,Applications
Insurance,Guidewire,Guidewire PolicyCenter,Billing Integration,pc_billing,pc_paymentplan,DepositPct,FALSE,Applications
Insurance,Guidewire,Guidewire PolicyCenter,Billing Integration,pc_billing,pc_paymentplan,BillCycle,FALSE,Applications
Insurance,Guidewire,Guidewire PolicyCenter,Billing Integration,pc_billing,pc_charge,PublicID,FALSE,Applications
Insurance,Guidewire,Guidewire PolicyCenter,Billing Integration,pc_billing,pc_charge,PolicyPeriodID,FALSE,Applications
Insurance,Guidewire,Guidewire PolicyCenter,Billing Integration,pc_billing,pc_charge,ChargeType,FALSE,Applications
Insurance,Guidewire,Guidewire PolicyCenter,Billing Integration,pc_billing,pc_charge,ChargeAmount,FALSE,Applications
Insurance,Guidewire,Guidewire PolicyCenter,Billing Integration,pc_billing,pc_charge,TaxAmount,FALSE,Applications
Insurance,Guidewire,Guidewire PolicyCenter,Billing Integration,pc_billing,pc_charge,ChargeDate,FALSE,Applications
Insurance,Guidewire,Guidewire PolicyCenter,Billing Integration,pc_billing,pc_charge,ChargeGroup,FALSE,Applications
Insurance,Guidewire,Guidewire PolicyCenter,Billing Integration,pc_billing,pc_charge,Billed,FALSE,Applications
Insurance,Guidewire,Guidewire PolicyCenter,Reinsurance,pc_ri,pc_riprogram,PublicID,FALSE,Applications
Insurance,Guidewire,Guidewire PolicyCenter,Reinsurance,pc_ri,pc_riprogram,ProgramCode,FALSE,Applications
Insurance,Guidewire,Guidewire PolicyCenter,Reinsurance,pc_ri,pc_riprogram,ProgramName,TRUE,Applications
Insurance,Guidewire,Guidewire PolicyCenter,Reinsurance,pc_ri,pc_riprogram,TreatyType,FALSE,Applications
Insurance,Guidewire,Guidewire PolicyCenter,Reinsurance,pc_ri,pc_riprogram,TreatyNumber,FALSE,Applications
Insurance,Guidewire,Guidewire PolicyCenter,Reinsurance,pc_ri,pc_riprogram,InceptionDate,FALSE,Applications
Insurance,Guidewire,Guidewire PolicyCenter,Reinsurance,pc_ri,pc_riprogram,ExpirationDate,FALSE,Applications
Insurance,Guidewire,Guidewire PolicyCenter,Reinsurance,pc_ri,pc_riprogram,CedingCompanyID,TRUE,Applications
Insurance,Guidewire,Guidewire PolicyCenter,Reinsurance,pc_ri,pc_rifacultative,PublicID,FALSE,Applications
Insurance,Guidewire,Guidewire PolicyCenter,Reinsurance,pc_ri,pc_rifacultative,PolicyPeriodID,FALSE,Applications
Insurance,Guidewire,Guidewire PolicyCenter,Reinsurance,pc_ri,pc_rifacultative,RIProgramID,FALSE,Applications
Insurance,Guidewire,Guidewire PolicyCenter,Reinsurance,pc_ri,pc_rifacultative,CededPremium,FALSE,Applications
Insurance,Guidewire,Guidewire PolicyCenter,Reinsurance,pc_ri,pc_rifacultative,CededLimit,FALSE,Applications
Insurance,Guidewire,Guidewire PolicyCenter,Reinsurance,pc_ri,pc_rifacultative,CessionPercent,FALSE,Applications
Insurance,Guidewire,Guidewire PolicyCenter,Reinsurance,pc_ri,pc_rifacultative,ReinsurerName,TRUE,Applications
Insurance,Guidewire,Guidewire PolicyCenter,Reinsurance,pc_ri,pc_rifacultative,CertificateNumber,FALSE,Applications
Insurance,Guidewire,Guidewire PolicyCenter,Reinsurance,pc_ri,pc_riagreement,PublicID,FALSE,Applications
Insurance,Guidewire,Guidewire PolicyCenter,Reinsurance,pc_ri,pc_riagreement,RIProgramID,FALSE,Applications
Insurance,Guidewire,Guidewire PolicyCenter,Reinsurance,pc_ri,pc_riagreement,LayerNumber,FALSE,Applications
Insurance,Guidewire,Guidewire PolicyCenter,Reinsurance,pc_ri,pc_riagreement,RetentionAmount,FALSE,Applications
Insurance,Guidewire,Guidewire PolicyCenter,Reinsurance,pc_ri,pc_riagreement,LayerLimit,FALSE,Applications
Insurance,Guidewire,Guidewire PolicyCenter,Reinsurance,pc_ri,pc_riagreement,ReinsurerShare,TRUE,Applications
Insurance,Guidewire,Guidewire PolicyCenter,Reinsurance,pc_ri,pc_riagreement,BrokerID,FALSE,Applications
Insurance,Guidewire,Guidewire PolicyCenter,Reinsurance,pc_ri,pc_riagreement,EffectiveDate,FALSE,Applications
Insurance,Guidewire,Guidewire PolicyCenter,Reinsurance,pc_ri,pc_riagreement,PremiumRateMethod,FALSE,Applications
Insurance,Guidewire,Guidewire PolicyCenter,Reinsurance,pc_ri,pc_riagreement,CurrencyCode,FALSE,Applications